{
  "kits": {
    "starter": {
      "duration": 72000,
      "items": [
        {
          "name": "minecraft:stone_sword",
          "quantity": 1,
          "nbt": ""
        },
        {
          "name": "minecraft:stone_pickaxe",
          "quantity": 1,
          "nbt": ""
        },
        {
          "name": "minecraft:stone_axe",
          "quantity": 1,
          "nbt": ""
        },
        {
          "name": "minecraft:stone_shovel",
          "quantity": 1,
          "nbt": ""
        },
		        {
          "name": "minecraft:leather_helmet",
          "quantity": 1,
          "nbt": ""
        },
        {
          "name": "minecraft:leather_chestplate",
          "quantity": 1,
          "nbt": ""
        },
        {
          "name": "minecraft:leather_leggings",
          "quantity": 1,
          "nbt": ""
        },
        {
          "name": "minecraft:leather_boots",
          "quantity": 1,
          "nbt": ""
        },
        {
          "name": "minecraft:bread",
          "quantity": 16,
          "nbt": ""
        },
        {
          "name": "minecraft:torch",
          "quantity": 16,
          "nbt": ""
        },
		{
          "name": "upgrade_aquatic:white_bedroll",
          "quantity": 1,
          "nbt": ""
        }
      ]
    },
    "Salty_runback": {
      "duration": 144000,
      "items": [
        {
          "name": "minecraft:iron_sword",
          "quantity": 1,
          "nbt": ""
        },
        {
          "name": "nefdecomod:salt_item",
          "quantity": 1,
          "nbt": ""
        },
        {
          "name": "simplefarming:wine",
          "quantity": 1,
          "nbt": ""
        }
      ]
    }
  }
}