{
  "version": 1,
  "overwriteOriginalVillagers": true,
  "overwriteOriginalZombieVillagers": true,
  "enableInfection": true,
  "infectionChance": 5,
  "allowGrimReaper": true,
  "guardSpawnRate": 6,
  "chanceToHaveTwins": 2,
  "marriageHeartsRequirement": 100.0,
  "babyGrowUpTime": 20,
  "villagerMaxAgeTime": 192000,
  "villagerMaxHealth": 20,
  "villagerChatPrefix": "\u003c\u003e ",
  "allowPlayerMarriage": true,
  "roseGoldSpawnWeight": 6,
  "allowRoseGoldGeneration": true,
  "marriageChance": 5,
  "childrenChance": 5,
  "giftDesaturationQueueLength": 16,
  "giftDesaturationFactor": 0.5,
  "giftDesaturationExponent": 0.85,
  "giftSatisfactionFactor": 0.33,
  "baseGiftMoodEffect": 2,
  "giftDesaturationReset": 24000,
  "greetHeartsThreshold": 75,
  "greetAfterDays": 1,
  "childInitialHearts": 100,
  "immigrantChance": 14,
  "bountyHunterInterval": 24000,
  "bountyHunterThreshold": -5,
  "traitChance": 0.25,
  "traitInheritChance": 0.5,
  "villagerHeight": 0.9,
  "canHurtBabies": false,
  "useVoices": true,
  "useVanillaVoices": false,
  "interactionFatigue": 0.05,
  "interactionFatigueCooldown": 4800,
  "taxesFactor": 0.5,
  "enterVillageNotification": true,
  "showNameTags": true
}